year,topic,gamma
1615,1,0.764266383
1615,1,0.68798758
1615,1,0.376330999
1615,1,0.771110637
1615,1,0.331727702
1615,1,0.666257904
1615,1,0.132405723
1615,1,0.107170147
1615,1,0.250110525
1615,1,0.578348338
1615,1,0.554542992
1615,1,0.018208324
1615,1,0.551981473
1615,1,0.504037038
1615,1,0.024544708
1615,1,0.439135644
1615,1,0.159190486
1615,1,0.43204138
1615,1,0.337721445
1615,1,0.178018009
1615,1,0.379268432
1615,1,0.444661764
1615,1,0.30438398
1615,1,0.675093763
1615,1,0.331531633
1615,1,0.174323254
1615,1,0.448939598
1615,1,0.265601011
1615,1,0.194926084
1615,1,0.375611637
1615,1,0.323548298
1615,1,0.795622956
1615,1,0.17289795
1615,1,0.221463567
1615,1,0.361236505
1615,1,0.410915199
1615,1,0.69943605
1615,1,0.536746155
1615,1,0.36820299
1615,1,0.237826831
1615,1,0.484554005
1615,1,0.481926754
1615,1,0.155853287
1615,1,0.40160662
1615,1,0.250239513
1615,1,0.780962146
1615,1,0.490114262
1615,1,0.556770313
1615,1,0.315876775
1615,1,0.367646879
1615,1,0.409792267
1615,1,0.458122191
1615,1,0.336339919
1615,1,0.039455658
1615,1,0.202257006
1615,1,0.601251341
1615,1,0.253770352
1615,1,0.343110036
1615,1,0.130173724
1615,1,0.031710092
1615,1,0.596459167
1615,1,0.015137926
1615,1,0.177676058
1615,1,0.328305148
1615,1,0.910976141
1615,1,0.269458958
1615,1,0.250156495
1615,1,0.572018389
1615,1,0.402760349
1615,1,0.67514397
1615,1,0.098971342
1615,1,0.108337176
1615,1,0.549870348
1615,1,0.812222339
1615,1,0.505003887
1615,1,0.446685033
1615,1,0.114580803
1615,1,0.611263517
1615,1,0.322716939
1615,1,0.441284575
1615,1,0.609003174
1615,1,0.342574249
1615,1,0.158815775
1615,1,0.317639956
1615,1,0.075149869
1615,1,0.268375327
1615,1,0.529620305
1615,1,0.75750404
1615,1,0.684624986
1615,1,0.685504448
1615,1,0.133469347
1615,1,0.563714307
1615,1,0.589327152
1615,1,0.034206591
1615,1,0.740423963
1615,1,0.758932301
1615,1,0.891697397
1615,1,0.278426151
1615,1,0.637339821
1615,1,0.917462525
1615,1,0.453262269
1615,1,0.721655546
1615,1,0.431702544
1615,1,0.573757457
1615,1,0.391842255
1615,1,0.3558581
1615,1,0.344056604
1615,1,0.138926915
1615,1,0.242006954
1615,1,0.368763063
1615,1,0.808348978
1615,1,0.25008543
1615,1,0.666056145
1615,1,0.74719031
1615,1,0.245898392
1615,1,0.577205666
1615,1,0.5685265
1615,1,0.338029731
1615,1,0.141276857
1615,1,0.014151801
1615,1,0.248098134
1615,1,0.010418875
1615,1,0.906626528
1615,1,0.047240714
1615,1,0.193228027
1615,1,0.232447837
1615,1,0.235686922
1615,1,0.690439981
1615,1,0.044783959
1615,1,0.635327111
1615,1,0.341847887
1615,1,0.097571981
1615,1,0.005816272
1615,1,0.423776438
1615,1,0.176994873
1615,1,0.474345661
1615,1,0.302774892
1615,1,0.31722388
1615,1,0.024544708
1615,1,0.46294335
1615,1,0.85419626
1615,1,0.121571909
1615,1,0.016271776
1615,1,0.180992081
1615,1,0.801287909
1615,1,0.076831006
1615,1,0.569312333
1615,1,0.020987817
1615,1,0.501527811
1615,1,0.378956824
1615,1,0.492783141
1615,1,0.288725347
1615,1,0.578655084
1615,1,0.589690809
1615,1,0.678336527
1615,1,0.028292593
1615,1,0.676127848
1615,1,0.084677683
1615,1,0.02205309
1615,1,0.362434608
1615,1,0.186418981
1615,1,0.273404483
1615,1,0.034206591
1615,1,0.236248044
1615,1,0.127418945
1615,1,0.118911798
1615,1,0.487088401
1615,1,0.092577806
1615,1,0.687003443
1615,1,0.963479211
1615,1,0.01183827
1615,1,0.195274543
1615,1,0.166570627
1615,1,0.049930462
1615,1,0.492977624
1615,1,0.402760349
1615,1,0.699064431
1615,1,0.454070564
1615,1,0.232276621
1615,1,0.733124402
1615,1,0.406173302
1615,1,0.738577189
1615,1,0.617299389
1615,1,0.060522181
1615,1,0.613721848
1615,1,0.533831917
1615,1,0.24377368
1615,1,0.00840369
1615,1,0.091357927
1615,1,0.501869589
1615,1,0.60439072
1615,1,0.6329383
1615,1,0.776185184
1615,1,0.06184621
1615,1,0.363601415
1615,1,0.477139222
1615,1,0.705859747
1615,1,0.393985554
1615,1,0.414578914
1615,1,0.480102565
1616,1,0.375269665
1616,1,0.197191682
1616,1,0.072809811
1616,1,0.066099794
1616,1,0.012892065
1616,1,0.023232284
1616,1,0.023232284
1616,1,0.060589858
1616,1,0.014151801
1616,1,0.323642025
1616,1,0.420850784
1616,1,0.012169857
1616,1,0.004790269
1616,1,0.197990986
1616,1,0.044783959
1616,1,0.044035807
1616,1,0.102620397
1616,1,0.135603631
1616,1,0.004402007
1616,1,0.010943731
1616,1,0.01183827
1616,1,0.02886184
1616,1,0.007401577
1616,1,0.294026973
1616,1,0.006059624
1616,1,0.184023817
1616,1,0.014628263
1616,1,0.02601429
1616,1,0.024544708
1616,1,0.006233497
1616,1,0.097934664
1616,1,0.029454463
1616,1,0.048296229
1616,1,0.368955878
1616,1,0.583848482
1616,1,0.077943721
1616,1,0.022877901
1616,1,0.026956166
1616,1,0.011226502
1616,1,0.019138819
1616,1,0.034903163
1616,1,0.011226502
1616,1,0.093578076
1616,1,0.004898277
1616,1,0.016904874
1616,1,0.684624986
1616,1,0.007277602
1616,1,0.012169857
1616,1,0.258572765
1616,1,0.005011268
1616,1,0.040599256
1616,1,0.02886184
1616,1,0.024544708
1616,1,0.07929451
1616,1,0.300969113
1616,1,0.024584404
1616,1,0.344056604
1616,1,0.027764232
1616,1,0.085224306
1616,1,0.010174884
1616,1,0.035435538
1616,1,0.00449305
1616,1,0.162070289
1616,1,0.091977299
1616,1,0.122475497
1616,1,0.008090714
1616,1,0.021188293
1616,1,0.442775183
1616,1,0.217586715
1616,1,0.375895559
1616,1,0.042036835
1616,1,0.005451395
1616,1,0.146631531
1616,1,0.017589231
1616,1,0.0030662
1616,1,0.019063832
1616,1,0.027139761
1616,1,0.026261469
1616,1,0.204160024
1616,1,0.035243779
1616,1,0.010174884
1616,1,0.028933726
1616,1,0.111926423
1616,1,0.016172002
1616,1,0.004843671
1616,1,0.013571063
1616,1,0.003023525
1616,1,0.015684386
1616,1,0.045249324
1616,1,0.580540969
1616,1,0.184554693
1616,1,0.007041706
1616,1,0.274589782
1616,1,0.008741854
1616,1,0.027671059
1616,1,0.025298765
1616,1,0.016271776
1616,1,0.020289237
1616,1,0.013705397
1616,1,0.091977299
1616,1,0.773447666
1616,1,0.161877352
1616,1,0.072236034
1616,1,0.006445524
1616,1,0.136697516
1616,1,0.026223734
1616,1,0.023475827
1616,1,0.108950549
1616,1,0.008569437
1616,1,0.031710092
1616,1,0.103117609
1616,1,0.484967562
1616,1,0.744236889
1616,1,0.013286295
1616,1,0.023475827
1616,1,0.094953167
1616,1,0.01183827
1616,1,0.066556533
1616,1,0.007277602
1616,1,0.01183827
1616,1,0.076831006
1616,1,0.106361805
1616,1,0.542813572
1616,1,0.477484401
1616,1,0.207636899
1616,1,0.003855182
1616,1,0.280577995
1616,1,0.042564049
1616,1,0.040599256
1616,1,0.07679325
1616,1,0.009942059
1616,1,0.003855182
1616,1,0.101908018
1616,1,0.07679325
1616,1,0.758932301
1616,1,0.02601429
1616,1,0.060522181
1616,1,0.012520555
1616,1,0.126450606
1616,1,0.428299847
1616,1,0.501118768
1616,1,0.27336078
1616,1,0.173275425
1616,1,0.221435899
1616,1,0.178861956
1616,1,0.101471419
1616,1,0.562245936
1616,1,0.101009448
1616,1,0.590602255
1616,1,0.856588641
1616,1,0.218731663
1616,1,0.6529324
1616,1,0.360913261
1616,1,0.043865629
1616,1,0.636145883
1616,1,0.512792806
1616,1,0.387737739
1616,1,0.300535523
1616,1,0.060570998
1616,1,0.152904492
1616,1,0.900223937
1616,1,0.456618549
1616,1,0.600329018
1616,1,0.109812198
1616,1,0.562808543
1616,1,0.017557577
1616,1,0.226236773
1616,1,0.117619935
1616,1,0.052813962
1616,1,0.827429735
1616,1,0.518755463
1616,1,0.027671059
1616,1,0.500392916
1616,1,0.78813537
1616,1,0.705610259
1616,1,0.006145331
1616,1,0.963479211
1616,1,0.378956824
1616,1,0.056413402
1616,1,0.935674078
1616,1,0.339165215
1616,1,0.73557571
1616,1,0.037129775
1616,1,0.311503765
1616,1,0.00573944
1616,1,0.029797206
1616,1,0.264864262
1616,1,0.044783959
1616,1,0.484865603
1616,1,0.482995608
1616,1,0.427850839
1616,1,0.89552316
1616,1,0.21425247
1616,1,0.551412916
1616,1,0.008921352
1616,1,0.034098696
1616,1,0.25026794
1616,1,0.026261469
1616,1,0.073736114
1616,1,0.174323254
1616,1,0.329144659
1616,1,0.487643816
1616,1,0.020020718
1616,1,0.016904874
1616,1,0.158387915
1616,1,0.343274859
1616,1,0.166531125
1616,1,0.05701129
1616,1,0.293355836
1616,1,0.032824399
1616,1,0.828911772
1616,1,0.152218724
1616,1,0.02955321
1616,1,0.020020718
1616,1,0.012169857
1616,1,0.372436701
1616,1,0.433920592
1616,1,0.164848896
1616,1,0.182968092
1616,1,0.509774811
1616,1,0.020860737
1616,1,0.613039995
1616,1,0.288009087
1616,1,0.02205309
1616,1,0.071999052
1616,1,0.175988199
1616,1,0.604381594
1616,1,0.441396971
1616,1,0.037129775
1616,1,0.025981203
1616,1,0.886099069
1616,1,0.971552244
1616,1,0.803365008
1616,1,0.383575925
1616,1,0.494499129
1616,1,0.282418531
1616,1,0.392185861
1616,1,0.651676603
1616,1,0.111865865
1616,1,0.394685764
1616,1,0.478538951
1616,1,0.563315371
1616,1,0.929700004
1616,1,0.576213419
1616,1,0.114078331
1616,1,0.723173635
1616,1,0.6529324
1616,1,0.158088396
1616,1,0.094720363
1617,1,0.516345777
1617,1,0.012520555
1617,1,0.205217653
1617,1,0.122092284
1617,1,0.027322484
1617,1,0.256856527
1617,1,0.39757877
1617,1,0.37980216
1617,1,0.25093076
1617,1,0.174102307
1617,1,0.205508486
1617,1,0.684624986
1617,1,0.063188142
1617,1,0.264864262
1617,1,0.09756388
1617,1,0.014628263
1617,1,0.054774899
1617,1,0.029454463
1617,1,0.191763551
1617,1,0.271872916
1617,1,0.240975526
1617,1,0.549178379
1617,1,0.378956824
1617,1,0.795864311
1617,1,0.449537165
1617,1,0.026712055
1617,1,0.724045752
1617,1,0.27996551
1617,1,0.215495546
1617,1,0.010943731
1617,1,0.183644444
1617,1,0.031710092
1617,1,0.003402348
1617,1,0.018331336
1617,1,0.873604449
1617,1,0.202257006
1617,1,0.027671059
1617,1,0.02955321
1617,1,0.003821276
1617,1,0.016935717
1617,1,0.072540629
1617,1,0.131580002
1617,1,0.008090714
1617,1,0.004402007
1617,1,0.003821276
1617,1,0.604381594
1617,1,0.012520555
1617,1,0.117192652
1617,1,0.013076228
1617,1,0.012084786
1617,1,0.006929401
1617,1,0.010418875
1617,1,0.004790269
1617,1,0.008569437
1617,1,0.015309052
1617,1,0.018331336
1617,1,0.834522908
1617,1,0.006929401
1617,1,0.006929401
1617,1,0.044777111
1617,1,0.02886184
1617,1,0.007157711
1617,1,0.027745367
1617,1,0.003889696
1617,1,0.024027509
1617,1,0.020879884
1617,1,0.278234055
1617,1,0.296495173
1617,1,0.343819334
1617,1,0.054774899
1617,1,0.046723155
1617,1,0.132120022
1617,1,0.005383845
1617,1,0.002231546
1617,1,0.056413402
1617,1,0.023248682
1617,1,0.048981826
1617,1,0.231546811
1617,1,0.356335175
1617,1,0.151422081
1617,1,0.483797805
1617,1,0.288500301
1617,1,0.196762299
1617,1,0.033593087
1617,1,0.010174884
1617,1,0.055812618
1617,1,0.007041706
1617,1,0.027671059
1617,1,0.27976733
1617,1,0.107237466
1617,1,0.031710092
1617,1,0.01183827
1617,1,0.008244233
1617,1,0.007041706
1617,1,0.059521274
1617,1,0.019731088
1617,1,0.044866652
1617,1,0.003155268
1617,1,0.072809811
1617,1,0.012520555
1617,1,0.034206591
1617,1,0.02955321
1617,1,0.044783959
1617,1,0.018331336
1617,1,0.011226502
1617,1,0.056413402
1617,1,0.049930462
1617,1,0.02205309
1617,1,0.504468764
1617,1,0.363257236
1617,1,0.045249324
1617,1,0.537285442
1617,1,0.945629764
1617,1,0.040599256
1617,1,0.366044098
1617,1,0.049273977
1617,1,0.303689162
1617,1,0.288785325
1617,1,0.946529938
1617,1,0.382619082
1617,1,0.172535851
1617,1,0.009506975
1617,1,0.053081751
1617,1,0.363572365
1617,1,0.028292593
1617,1,0.22358662
1617,1,0.279939925
1617,1,0.723927999
1617,1,0.047899564
1617,1,0.182968092
1617,1,0.005451395
1617,1,0.51891923
1617,1,0.166354687
1617,1,0.072809811
1617,1,0.335230602
1617,1,0.733061346
1617,1,0.095585732
1617,1,0.102713027
1617,1,0.010174884
1617,1,0.098971342
1617,1,0.372236189
1617,1,0.326593419
1617,1,0.066428722
1617,1,0.664880924
1617,1,0.768433737
1617,1,0.139881102
1617,1,0.219423834
1617,1,0.284817445
1617,1,0.312731125
1617,1,0.182968092
1617,1,0.010418875
1617,1,0.440239791
1617,1,0.50129168
1617,1,0.398321469
1617,1,0.099448295
1617,1,0.665578893
1617,1,0.112559663
1617,1,0.455588573
1617,1,0.362776673
1617,1,0.276763428
1617,1,0.818650979
1617,1,0.089821545
1617,1,0.004686921
1617,1,0.072809811
1617,1,0.827429735
1617,1,0.423461242
1617,1,0.228035903
1617,1,0.004447062
1617,1,0.023232284
1617,1,0.023232284
1617,1,0.031331132
1617,1,0.006059624
1617,1,0.394727325
1617,1,0.074444963
1617,1,0.00559171
1617,1,0.804372386
1617,1,0.082809975
1617,1,0.016904874
1617,1,0.275836698
1617,1,0.278426151
1617,1,0.091357927
1617,1,0.006034813
1617,1,0.056413402
1617,1,0.624751287
1617,1,0.102713027
1617,1,0.069292739
1617,1,0.617676063
1617,1,0.149581755
1617,1,0.703203655
1617,1,0.419583588
1617,1,0.232276621
1617,1,0.225524156
1617,1,0.150684104
1617,1,0.377350141
1617,1,0.027671059
1617,1,0.232711635
1617,1,0.039612616
1617,1,0.041173733
1617,1,0.187094718
1617,1,0.0030662
1617,1,0.688556941
1617,1,0.612341431
1617,1,0.216403169
1617,1,0.157061445
1617,1,0.441732774
1617,1,0.111586911
1617,1,0.641555625
1617,1,0.457950609
1617,1,0.469974866
1617,1,0.535293474
1617,1,0.288476504
1617,1,0.001925045
1617,1,0.016904874
1617,1,0.652508106
1617,1,0.433282721
1617,1,0.048577051
1617,1,0.003044713
1617,1,0.007157711
1617,1,0.030715847
1617,1,0.093687341
1617,1,0.004149747
1617,1,0.124151963
1617,1,0.167847924
1617,1,0.076885559
1617,1,0.015684386
1617,1,0.010174884
1617,1,0.008741854
1617,1,0.003249665
1617,1,0.018331336
1617,1,0.055638452
1617,1,0.048296229
1617,1,0.016545051
1617,1,0.553315717
1617,1,0.259210046
1617,1,0.063954738
1617,1,0.191526578
1617,1,0.505180126
1617,1,0.379250994
1617,1,0.196551607
1617,1,0.00971965
1617,1,0.140792763
1617,1,0.126950348
1617,1,0.085454207
1617,1,0.263875773
1617,1,0.637497149
1615,2,0.20083334
1615,2,0.297039566
1615,2,0.612443666
1615,2,0.192237875
1615,2,0.372695733
1615,2,0.328298875
1615,2,0.452461407
1615,2,0.137514182
1615,2,0.609810338
1615,2,0.146249807
1615,2,0.179943512
1615,2,0.462391724
1615,2,0.398830774
1615,2,0.474480746
1615,2,0.780858338
1615,2,0.49928731
1615,2,0.017614236
1615,2,0.499644988
1615,2,0.630666664
1615,2,0.217095974
1615,2,0.393332315
1615,2,0.489975772
1615,2,0.236010201
1615,2,0.268719501
1615,2,0.662434309
1615,2,0.244780226
1615,2,0.310587359
1615,2,0.580192796
1615,2,0.800613406
1615,2,0.486416508
1615,2,0.524132936
1615,2,0.1582641
1615,2,0.795639197
1615,2,0.250672884
1615,2,0.591295016
1615,2,0.57541691
1615,2,0.206774973
1615,2,0.455410692
1615,2,0.471466647
1615,2,0.678963689
1615,2,0.499691445
1615,2,0.290367145
1615,2,0.688078864
1615,2,0.572848192
1615,2,0.180962516
1615,2,0.212657519
1615,2,0.138321086
1615,2,0.131399926
1615,2,0.517665643
1615,2,0.443440896
1615,2,0.561884842
1615,2,0.11823919
1615,2,0.627008594
1615,2,0.564369327
1615,2,0.571260789
1615,2,0.263751014
1615,2,0.637866862
1615,2,0.403854344
1615,2,0.525222401
1615,2,0.133020023
1615,2,0.395102396
1615,2,0.62095764
1615,2,0.716883889
1615,2,0.375641119
1615,2,0.049660119
1615,2,0.630934561
1615,2,0.707475328
1615,2,0.137960587
1615,2,0.553350226
1615,2,0.305516194
1615,2,0.888213163
1615,2,0.404475683
1615,2,0.241211706
1615,2,0.072932401
1615,2,0.468369018
1615,2,0.10644283
1615,2,0.796412512
1615,2,0.322126141
1615,2,0.570024153
1615,2,0.477087657
1615,2,0.372233669
1615,2,0.452617112
1615,2,0.834415447
1615,2,0.532715327
1615,2,0.871357276
1615,2,0.643373407
1615,2,0.447807112
1615,2,0.07779333
1615,2,0.228874219
1615,2,0.182494626
1615,2,0.284059224
1615,2,0.300369084
1615,2,0.03829779
1615,2,0.222221386
1615,2,0.163090181
1615,2,0.046470745
1615,2,0.070298181
1615,2,0.704918768
1615,2,0.233236574
1615,2,0.073935824
1615,2,0.228669243
1615,2,0.263371601
1615,2,0.534464685
1615,2,0.420367902
1615,2,0.563465981
1615,2,0.414424515
1615,2,0.471751681
1615,2,0.649652864
1615,2,0.408002942
1615,2,0.224330318
1615,2,0.055734412
1615,2,0.632180358
1615,2,0.307533016
1615,2,0.239210416
1615,2,0.708615909
1615,2,0.323037514
1615,2,0.021819023
1615,2,0.604719295
1615,2,0.817774292
1615,2,0.938791678
1615,2,0.732606792
1615,2,0.954937052
1615,2,0.083642547
1615,2,0.767829661
1615,2,0.653566597
1615,2,0.619823003
1615,2,0.759183762
1615,2,0.288531159
1615,2,0.90937713
1615,2,0.326668468
1615,2,0.539419984
1615,2,0.191990935
1615,2,0.988230446
1615,2,0.278299978
1615,2,0.478926537
1615,2,0.492927949
1615,2,0.642149264
1615,2,0.517651501
1615,2,0.667875632
1615,2,0.455168827
1615,2,0.102688353
1615,2,0.86847948
1615,2,0.405313769
1615,2,0.594199899
1615,2,0.190868938
1615,2,0.801368125
1615,2,0.306035952
1615,2,0.426175824
1615,2,0.234409312
1615,2,0.583038755
1615,2,0.37819631
1615,2,0.563984404
1615,2,0.404084586
1615,2,0.322069273
1615,2,0.226544892
1615,2,0.923489791
1615,2,0.309843904
1615,2,0.7571026
1615,2,0.955374328
1615,2,0.636105864
1615,2,0.567040219
1615,2,0.706814987
1615,2,0.930781033
1615,2,0.695275874
1615,2,0.7491741
1615,2,0.499380876
1615,2,0.499742073
1615,2,0.74652905
1615,2,0.267033401
1615,2,0.023705294
1615,2,0.56734556
1615,2,0.364225105
1615,2,0.672868182
1615,2,0.439289155
1615,2,0.400703451
1615,2,0.409728358
1615,2,0.24418734
1615,2,0.506955563
1615,2,0.607274701
1615,2,0.167269117
1615,2,0.198687341
1615,2,0.255388753
1615,2,0.352778133
1615,2,0.709760434
1615,2,0.353959089
1615,2,0.230507013
1615,2,0.047093826
1615,2,0.576819435
1615,2,0.434511106
1615,2,0.4881818
1615,2,0.385267818
1615,2,0.353892173
1615,2,0.184840943
1615,2,0.862218189
1615,2,0.396449708
1615,2,0.149691049
1615,2,0.07359744
1615,2,0.446494687
1615,2,0.422086016
1615,2,0.517307358
1616,2,0.622140257
1616,2,0.791012575
1616,2,0.04175334
1616,2,0.037905429
1616,2,0.1727686
1616,2,0.097456641
1616,2,0.043985921
1616,2,0.756489299
1616,2,0.026793749
1616,2,0.424951956
1616,2,0.574403086
1616,2,0.975373607
1616,2,0.450074928
1616,2,0.527925123
1616,2,0.806303729
1616,2,0.445102334
1616,2,0.220449997
1616,2,0.055734412
1616,2,0.251490965
1616,2,0.045907638
1616,2,0.158646528
1616,2,0.519550689
1616,2,0.439894626
1616,2,0.436911167
1616,2,0.388032206
1616,2,0.384866224
1616,2,0.02769584
1616,2,0.16900052
1616,2,0.046470745
1616,2,0.556981362
1616,2,0.195163789
1616,2,0.85874847
1616,2,0.364375498
1616,2,0.439816459
1616,2,0.222222004
1616,2,0.380517538
1616,2,0.794595973
1616,2,0.254805832
1616,2,0.951443964
1616,2,0.785074225
1616,2,0.615423856
1616,2,0.227963853
1616,2,0.485605754
1616,2,0.888624532
1616,2,0.148729403
1616,2,0.10912682
1616,2,0.851274106
1616,2,0.975373607
1616,2,0.69516864
1616,2,0.989859416
1616,2,0.730961085
1616,2,0.66039059
1616,2,0.950332398
1616,2,0.873648968
1616,2,0.276198913
1616,2,0.807595876
1616,2,0.150927361
1616,2,0.968640663
1616,2,0.693959811
1616,2,0.932574142
1616,2,0.958091256
1616,2,0.680676063
1616,2,0.524475069
1616,2,0.292498183
1616,2,0.441874974
1616,2,0.462230425
1616,2,0.100774492
1616,2,0.298527176
1616,2,0.100486849
1616,2,0.24801092
1616,2,0.083506299
1616,2,0.951328502
1616,2,0.588196135
1616,2,0.923924357
1616,2,0.951452939
1616,2,0.859992547
1616,2,0.778385698
1616,2,0.688472072
1616,2,0.37937659
1616,2,0.880123133
1616,2,0.979410548
1616,2,0.958895264
1616,2,0.87930184
1616,2,0.933719434
1616,2,0.722645471
1616,2,0.41458714
1616,2,0.256243212
1616,2,0.029695407
1616,2,0.057492495
1616,2,0.390964572
1616,2,0.171166405
1616,2,0.305057707
1616,2,0.144704443
1616,2,0.097030985
1616,2,0.052389897
1616,2,0.402502341
1616,2,0.143159394
1616,2,0.124786271
1616,2,0.719914945
1616,2,0.456071811
1616,2,0.163800566
1616,2,0.676150265
1616,2,0.528832413
1616,2,0.094843643
1616,2,0.240229801
1616,2,0.051600052
1616,2,0.615443533
1616,2,0.536158205
1616,2,0.114840384
1616,2,0.424951956
1616,2,0.508950447
1616,2,0.498978584
1616,2,0.066431312
1616,2,0.330948418
1616,2,0.239365288
1616,2,0.167501315
1616,2,0.485605754
1616,2,0.374413017
1616,2,0.449276339
1616,2,0.649085367
1616,2,0.532922704
1616,2,0.257295915
1616,2,0.093458142
1616,2,0.487020358
1616,2,0.352735294
1616,2,0.548550278
1616,2,0.453908508
1616,2,0.321128522
1616,2,0.63751907
1616,2,0.1836682
1616,2,0.613764242
1616,2,0.530804336
1616,2,0.024408677
1616,2,0.215212126
1616,2,0.215944805
1616,2,0.10912682
1616,2,0.07689775
1616,2,0.369508442
1616,2,0.582032313
1616,2,0.558504397
1616,2,0.492927949
1616,2,0.494536865
1616,2,0.524023129
1616,2,0.628715497
1616,2,0.815627375
1616,2,0.316293822
1616,2,0.276723659
1616,2,0.782122296
1616,2,0.332401561
1616,2,0.133235101
1616,2,0.689258578
1616,2,0.292961894
1616,2,0.602976618
1616,2,0.820217761
1616,2,0.337917425
1616,2,0.458344521
1616,2,0.603823824
1616,2,0.667145414
1616,2,0.667044095
1616,2,0.839887924
1616,2,0.064763686
1616,2,0.319964691
1616,2,0.315037894
1616,2,0.204169048
1616,2,0.115170217
1616,2,0.646529224
1616,2,0.739119154
1616,2,0.844060406
1616,2,0.330757756
1616,2,0.089803597
1616,2,0.29914686
1616,2,0.880319182
1616,2,0.224834071
1616,2,0.170308999
1616,2,0.106808068
1616,2,0.690542537
1616,2,0.023705294
1616,2,0.070298181
1616,2,0.23664744
1616,2,0.04175334
1616,2,0.657844095
1616,2,0.203470287
1616,2,0.924865804
1616,2,0.683944415
1616,2,0.988385919
1616,2,0.866842543
1616,2,0.706273065
1616,2,0.806303729
1616,2,0.445364839
1616,2,0.45982057
1616,2,0.222221386
1616,2,0.037905429
1616,2,0.448086234
1616,2,0.270044826
1616,2,0.386486899
1616,2,0.862856614
1616,2,0.321128522
1616,2,0.925792106
1616,2,0.648866124
1616,2,0.04175334
1616,2,0.341387831
1616,2,0.499160428
1616,2,0.683012492
1616,2,0.693437823
1616,2,0.83798768
1616,2,0.648443838
1616,2,0.58973043
1616,2,0.885737735
1616,2,0.643845934
1616,2,0.728175942
1616,2,0.053312688
1616,2,0.695275874
1616,2,0.87217864
1616,2,0.59085434
1616,2,0.191099954
1616,2,0.189650522
1616,2,0.460769371
1616,2,0.784044457
1616,2,0.600051259
1616,2,0.131028106
1616,2,0.401215811
1616,2,0.309843904
1616,2,0.574850589
1616,2,0.447807112
1616,2,0.855787336
1616,2,0.784734156
1616,2,0.140089557
1616,2,0.208631082
1616,2,0.583038755
1616,2,0.947928365
1616,2,0.007637911
1616,2,0.010321181
1616,2,0.176142657
1616,2,0.044309829
1616,2,0.129754033
1616,2,0.689258578
1616,2,0.275962679
1616,2,0.295975954
1616,2,0.808506259
1616,2,0.094533852
1616,2,0.042682414
1616,2,0.242755116
1616,2,0.062973675
1616,2,0.372143
1616,2,0.868452634
1616,2,0.093917583
1616,2,0.255511269
1616,2,0.830985286
1616,2,0.654530079
1617,2,0.387168367
1617,2,0.97466395
1617,2,0.695051205
1617,2,0.565874473
1617,2,0.642970916
1617,2,0.24229607
1617,2,0.312901142
1617,2,0.59678328
1617,2,0.703230329
1617,2,0.674973905
1617,2,0.700349381
1617,2,0.04925312
1617,2,0.785074225
1617,2,0.505569005
1617,2,0.714924827
1617,2,0.364375498
1617,2,0.188552999
1617,2,0.756082911
1617,2,0.709700378
1617,2,0.369508442
1617,2,0.742369393
1617,2,0.427780489
1617,2,0.497581993
1617,2,0.124507812
1617,2,0.484811412
1617,2,0.965006642
1617,2,0.112619178
1617,2,0.286577414
1617,2,0.37819631
1617,2,0.373348512
1617,2,0.043985921
1617,2,0.206003006
1617,2,0.421471011
1617,2,0.203470287
1617,2,0.03747124
1617,2,0.23554406
1617,2,0.052389897
1617,2,0.123972164
1617,2,0.60529035
1617,2,0.966007731
1617,2,0.764613554
1617,2,0.350800506
1617,2,0.480851766
1617,2,0.48451604
1617,2,0.983472498
1617,2,0.037423998
1617,2,0.97466395
1617,2,0.051803511
1617,2,0.062192375
1617,2,0.242815283
1617,2,0.156656
1617,2,0.978916818
1617,2,0.439049791
1617,2,0.745981385
1617,2,0.915911913
1617,2,0.962905507
1617,2,0.060037039
1617,2,0.985977965
1617,2,0.922183968
1617,2,0.923349839
1617,2,0.962190379
1617,2,0.820776273
1617,2,0.82826124
1617,2,0.777271255
1617,2,0.968523455
1617,2,0.827090368
1617,2,0.568701187
1617,2,0.314379884
1617,2,0.300145943
1617,2,0.906235469
1617,2,0.222221876
1617,2,0.365953787
1617,2,0.381932098
1617,2,0.132626477
1617,2,0.23664744
1617,2,0.045746086
1617,2,0.117150971
1617,2,0.704307863
1617,2,0.313582094
1617,2,0.319964691
1617,2,0.459991357
1617,2,0.42268642
1617,2,0.055734412
1617,2,0.487628278
1617,2,0.909155938
1617,2,0.732345567
1617,2,0.045746086
1617,2,0.370824238
1617,2,0.209452286
1617,2,0.036235721
1617,2,0.351968973
1617,2,0.213139732
1617,2,0.471001097
1617,2,0.434713517
1617,2,0.464848683
1617,2,0.190127512
1617,2,0.318781143
1617,2,0.114904919
1617,2,0.04175334
1617,2,0.484776158
1617,2,0.064763686
1617,2,0.055953394
1617,2,0.084789927
1617,2,0.414424515
1617,2,0.434672457
1617,2,0.23664744
1617,2,0.094533852
1617,2,0.04175334
1617,2,0.418280961
1617,2,0.271958339
1617,2,0.057492495
1617,2,0.167137994
1617,2,0.043705929
1617,2,0.450635042
1617,2,0.294879539
1617,2,0.643062323
1617,2,0.260661309
1617,2,0.063753062
1617,2,0.034706905
1617,2,0.234619093
1617,2,0.57671459
1617,2,0.718190523
1617,2,0.507290442
1617,2,0.49928731
1617,2,0.607919291
1617,2,0.772788976
1617,2,0.261784553
1617,2,0.256482339
1617,2,0.583285258
1617,2,0.633719225
1617,2,0.574925574
1617,2,0.236824193
1617,2,0.193733009
1617,2,0.600077277
1617,2,0.547035185
1617,2,0.036671027
1617,2,0.899908566
1617,2,0.498806206
1617,2,0.721810311
1617,2,0.657677731
1617,2,0.526752457
1617,2,0.650833998
1617,2,0.576819435
1617,2,0.311339521
1617,2,0.191099954
1617,2,0.215212126
1617,2,0.719692171
1617,2,0.707475328
1617,2,0.516471803
1617,2,0.095031771
1617,2,0.906977519
1617,2,0.330042824
1617,2,0.383646324
1617,2,0.475949208
1617,2,0.553656987
1617,2,0.157079167
1617,2,0.138321086
1617,2,0.459094666
1617,2,0.173158244
1617,2,0.499249503
1617,2,0.031466662
1617,2,0.758066174
1617,2,0.93657938
1617,2,0.803104163
1617,2,0.089803597
1617,2,0.326204886
1617,2,0.63070021
1617,2,0.704414862
1617,2,0.899517441
1617,2,0.899517441
1617,2,0.898596883
1617,2,0.931951422
1617,2,0.574337672
1617,2,0.911955763
1617,2,0.795639197
1617,2,0.04925312
1617,2,0.795639197
1617,2,0.926884289
1617,2,0.600077277
1617,2,0.405313769
1617,2,0.498197974
1617,2,0.541950477
1617,2,0.366486811
1617,2,0.348621619
1617,2,0.625378743
1617,2,0.619395513
1617,2,0.369508442
1617,2,0.720750548
1617,2,0.286847734
1617,2,0.50968557
1617,2,0.679472113
1617,2,0.765704541
1617,2,0.768646718
1617,2,0.600077277
1617,2,0.94400605
1617,2,0.584126628
1617,2,0.92065672
1617,2,0.434743026
1617,2,0.794142125
1617,2,0.951452939
1617,2,0.278985989
1617,2,0.338470816
1617,2,0.567040219
1617,2,0.778793228
1617,2,0.554520686
1617,2,0.879281582
1617,2,0.351875555
1617,2,0.496245286
1617,2,0.448394006
1617,2,0.450221358
1617,2,0.706273065
1617,2,0.996104563
1617,2,0.887976545
1617,2,0.256015469
1617,2,0.235471677
1617,2,0.71883035
1617,2,0.74857219
1617,2,0.870198182
1617,2,0.95976159
1617,2,0.723150922
1617,2,0.943848092
1617,2,0.790377284
1617,2,0.789515872
1617,2,0.773210634
1617,2,0.174090231
1617,2,0.955992345
1617,2,0.942070393
1617,2,0.716688928
1617,2,0.962905507
1617,2,0.938781738
1617,2,0.936730918
1617,2,0.943724285
1617,2,0.263371601
1617,2,0.693645586
1617,2,0.890521277
1617,2,0.449276339
1617,2,0.225129886
1617,2,0.61436867
1617,2,0.302390816
1617,2,0.980331739
1617,2,0.740071488
1617,2,0.842753559
1617,2,0.778330265
1617,2,0.563465981
1617,2,0.339492303
1615,3,0.0330154
1615,3,0.008709237
1615,3,0.002009919
1615,3,0.033862346
1615,3,0.293327028
1615,3,0.00316615
1615,3,0.365117963
1615,3,0.752951801
1615,3,0.00316615
1615,3,0.002009919
1615,3,0.201800793
1615,3,0.443215196
1615,3,0.005204643
1615,3,0.012495529
1615,3,0.184087257
1615,3,0.056891095
1615,3,0.77638681
1615,3,0.0032456
1615,3,0.027541138
1615,3,0.602740263
1615,3,0.225514376
1615,3,0.061832399
1615,3,0.457681958
1615,3,0.054564784
1615,3,0.003509821
1615,3,0.571453698
1615,3,0.185897538
1615,3,0.003205383
1615,3,0.002594539
1615,3,0.135514307
1615,3,0.150041696
1615,3,0.043622499
1615,3,0.029068561
1615,3,0.522440454
1615,3,0.002255241
1615,3,0.002447264
1615,3,0.091941535
1615,3,0.004562115
1615,3,0.039436725
1615,3,0.037682586
1615,3,0.013725793
1615,3,0.22631464
1615,3,0.152167771
1615,3,0.023601225
1615,3,0.537339525
1615,3,0.003711241
1615,3,0.369557779
1615,3,0.088787964
1615,3,0.009687737
1615,3,0.095268601
1615,3,0.016474534
1615,3,0.368423019
1615,3,0.033862346
1615,3,0.393159855
1615,3,0.15008169
1615,3,0.117613617
1615,3,0.10565484
1615,3,0.014190015
1615,3,0.334656138
1615,3,0.018879255
1615,3,0.004908373
1615,3,0.357422587
1615,3,0.091862239
1615,3,0.013577729
1615,3,0.03429476
1615,3,0.096731125
1615,3,0.004483051
1615,3,0.286739986
1615,3,0.022596751
1615,3,0.016849391
1615,3,0.00745437
1615,3,0.481318683
1615,3,0.1930195
1615,3,0.006683929
1615,3,0.015488143
1615,3,0.132695396
1615,3,0.084199655
1615,3,0.03429476
1615,3,0.105515349
1615,3,0.018870252
1615,3,0.010913938
1615,3,0.150156974
1615,3,0.003937185
1615,3,0.143381101
1615,3,0.027541138
1615,3,0.081535433
1615,3,0.013129761
1615,3,0.162581342
1615,3,0.015488143
1615,3,0.129855171
1615,3,0.579131487
1615,3,0.130227605
1615,3,0.369850822
1615,3,0.728925244
1615,3,0.091274895
1615,3,0.127595903
1615,3,0.022105975
1615,3,0.009687737
1615,3,0.127118319
1615,3,0.00500331
1615,3,0.29512847
1615,3,0.008709237
1615,3,0.02947603
1615,3,0.003417094
1615,3,0.004728914
1615,3,0.221868166
1615,3,0.174243978
1615,3,0.199155294
1615,3,0.024365003
1615,3,0.289528503
1615,3,0.130227605
1615,3,0.106513585
1615,3,0.004728914
1615,3,0.007910269
1615,3,0.043931496
1615,3,0.097979957
1615,3,0.006861213
1615,3,0.052894233
1615,3,0.00433287
1615,3,0.008425566
1615,3,0.017826738
1615,3,0.006203092
1615,3,0.005660173
1615,3,0.058577351
1615,3,0.150714931
1615,3,0.102666096
1615,3,0.002983562
1615,3,0.00376526
1615,3,0.026663052
1615,3,0.022105975
1615,3,0.004125562
1615,3,0.697782817
1615,3,0.003462837
1615,3,0.228967274
1615,3,0.328866252
1615,3,0.016849391
1615,3,0.02798797
1615,3,0.047077837
1615,3,0.297069963
1615,3,0.003286839
1615,3,0.039834349
1615,3,0.005786794
1615,3,0.571447111
1615,3,0.00376526
1615,3,0.004562115
1615,3,0.117639053
1615,3,0.101711696
1615,3,0.447239827
1615,3,0.004728914
1615,3,0.022105975
1615,3,0.125796374
1615,3,0.144895958
1615,3,0.015037668
1615,3,0.023601225
1615,3,0.087880153
1615,3,0.005101991
1615,3,0.00815979
1615,3,0.001188232
1615,3,0.013129761
1615,3,0.000848962
1615,3,0.078838627
1615,3,0.001151216
1615,3,0.020365597
1615,3,0.007245575
1615,3,0.033476365
1615,3,0.115064997
1615,3,0.011473649
1615,3,0.004406681
1615,3,0.044039296
1615,3,0.00745437
1615,3,0.41574719
1615,3,0.006565823
1615,3,0.15943163
1615,3,0.489400864
1615,3,0.105396569
1615,3,0.184171352
1615,3,0.053683399
1615,3,0.03048407
1615,3,0.153732845
1615,3,0.096731125
1615,3,0.002883779
1615,3,0.003509821
1615,3,0.00316615
1615,3,0.010913938
1615,3,0.028157246
1615,3,0.234119745
1615,3,0.600971163
1615,3,0.00500331
1615,3,0.016474534
1615,3,0.005786794
1615,3,0.00185166
1615,3,0.00235803
1615,3,0.00185166
1615,3,0.003607722
1615,3,0.09984179
1615,3,0.324106803
1615,3,0.196961391
1615,3,0.158197524
1615,3,0.00500331
1615,3,0.001506567
1616,3,0.001506567
1616,3,0.006861213
1616,3,0.013129761
1616,3,0.011919746
1616,3,0.03734754
1616,3,0.013831818
1616,3,0.013831818
1616,3,0.173254802
1616,3,0.952994849
1616,3,0.237828205
1616,3,0.002760674
1616,3,0.007245575
1616,3,0.543083678
1616,3,0.118756425
1616,3,0.026663052
1616,3,0.002568774
1616,3,0.211456053
1616,3,0.038489603
1616,3,0.002620825
1616,3,0.006515576
1616,3,0.03429476
1616,3,0.005204643
1616,3,0.004406681
1616,3,0.078526186
1616,3,0.045447662
1616,3,0.004562115
1616,3,0.177049067
1616,3,0.015488143
1616,3,0.014613197
1616,3,0.003711241
1616,3,0.140919683
1616,3,0.00531151
1616,3,0.547396691
1616,3,0.007675556
1616,3,0.190109517
1616,3,0.063112237
1616,3,0.004125562
1616,3,0.399069762
1616,3,0.032522504
1616,3,0.187591985
1616,3,0.220027482
1616,3,0.756002615
1616,3,0.41574719
1616,3,0.00291629
1616,3,0.24351113
1616,3,0.015488143
1616,3,0.00433287
1616,3,0.007245575
1616,3,0.002197759
1616,3,0.002983562
1616,3,0.117613617
1616,3,0.005204643
1616,3,0.014613197
1616,3,0.008425566
1616,3,0.010472111
1616,3,0.016167865
1616,3,0.495068298
1616,3,0.002091159
1616,3,0.164935676
1616,3,0.052894233
1616,3,0.00376526
1616,3,0.250860627
1616,3,0.283580931
1616,3,0.17729942
1616,3,0.070157368
1616,3,0.302758435
1616,3,0.166298034
1616,3,0.021082777
1616,3,0.680199067
1616,3,0.198420083
1616,3,0.00316615
1616,3,0.015792364
1616,3,0.202333553
1616,3,0.050954951
1616,3,0.001825525
1616,3,0.002025658
1616,3,0.002883779
1616,3,0.002790455
1616,3,0.286536882
1616,3,0.080062265
1616,3,0.006057826
1616,3,0.010603714
1616,3,0.007642175
1616,3,0.00291629
1616,3,0.036327915
1616,3,0.437633699
1616,3,0.036594388
1616,3,0.153732845
1616,3,0.00815979
1616,3,0.005101991
1616,3,0.005660173
1616,3,0.490401713
1616,3,0.088843552
1616,3,0.0655646
1616,3,0.016474534
1616,3,0.004562115
1616,3,0.047138361
1616,3,0.244105162
1616,3,0.2605112
1616,3,0.351777956
1616,3,0.00251875
1616,3,0.160245013
1616,3,0.393411354
1616,3,0.008627653
1616,3,0.603850547
1616,3,0.863932438
1616,3,0.359286643
1616,3,0.350320423
1616,3,0.715135616
1616,3,0.310811189
1616,3,0.365427204
1616,3,0.009338022
1616,3,0.187520333
1616,3,0.650076282
1616,3,0.6485776
1616,3,0.476612652
1616,3,0.497486996
1616,3,0.503650506
1616,3,0.540329893
1616,3,0.334007383
1616,3,0.386084474
1616,3,0.611697457
1616,3,0.361505625
1616,3,0.006355495
1616,3,0.436752451
1616,3,0.410451921
1616,3,0.262681904
1616,3,0.541771276
1616,3,0.304497645
1616,3,0.575950462
1616,3,0.051683889
1616,3,0.206373592
1616,3,0.868163104
1616,3,0.102791569
1616,3,0.014613197
1616,3,0.015488143
1616,3,0.010913938
1616,3,0.00745437
1616,3,0.003878158
1616,3,0.007675556
1616,3,0.003462837
1616,3,0.230178494
1616,3,0.301197501
1616,3,0.147179509
1616,3,0.003205383
1616,3,0.57797771
1616,3,0.002883779
1616,3,0.019758936
1616,3,0.062826352
1616,3,0.005919209
1616,3,0.080161402
1616,3,0.009687737
1616,3,0.018591526
1616,3,0.038489603
1616,3,0.022596751
1616,3,0.014860131
1616,3,0.004908373
1616,3,0.028157246
1616,3,0.251467752
1616,3,0.004192424
1616,3,0.020365597
1616,3,0.076454951
1616,3,0.030924418
1616,3,0.683270811
1616,3,0.320575722
1616,3,0.333636128
1616,3,0.006203092
1616,3,0.033385128
1616,3,0.615263356
1616,3,0.079302339
1616,3,0.172146109
1616,3,0.016474534
1616,3,0.076438838
1616,3,0.024171602
1616,3,0.033586879
1616,3,0.031946562
1616,3,0.00745437
1616,3,0.534846549
1616,3,0.682783736
1616,3,0.013129761
1616,3,0.00173959
1616,3,0.010913938
1616,3,0.022105975
1616,3,0.00264765
1616,3,0.003417094
1616,3,0.027645408
1616,3,0.00305401
1616,3,0.026663052
1616,3,0.032478573
1616,3,0.028914175
1616,3,0.335280996
1616,3,0.057998822
1616,3,0.00531151
1616,3,0.175873162
1616,3,0.600771753
1616,3,0.001370841
1616,3,0.423083338
1616,3,0.045939552
1616,3,0.220600785
1616,3,0.419183533
1616,3,0.00815979
1616,3,0.007675556
1616,3,0.011919746
1616,3,0.010064664
1616,3,0.002108202
1616,3,0.004816973
1616,3,0.113611594
1616,3,0.02947603
1616,3,0.014517344
1616,3,0.23474261
1616,3,0.003607722
1616,3,0.147294441
1616,3,0.085613882
1616,3,0.380552353
1616,3,0.791519228
1616,3,0.008425566
1616,3,0.00500331
1616,3,0.029727128
1616,3,0.143381101
1616,3,0.322581102
1616,3,0.559191604
1616,3,0.039703716
1616,3,0.006515576
1616,3,0.520696976
1616,3,0.068313535
1616,3,0.025754085
1616,3,0.00531151
1616,3,0.344282943
1616,3,0.278476262
1616,3,0.002760674
1616,3,0.0302565
1616,3,0.015792364
1616,3,0.011919746
1616,3,0.569193751
1616,3,0.16193375
1616,3,0.016474534
1616,3,0.232868869
1616,3,0.026951415
1616,3,0.008425566
1616,3,0.489400864
1616,3,0.474421893
1616,3,0.190109517
1616,3,0.00426149
1616,3,0.04885444
1616,3,0.003127866
1616,3,0.178337959
1616,3,0.047138361
1616,3,0.006355495
1616,3,0.010064664
1617,3,0.063265121
1617,3,0.00745437
1617,3,0.034409899
1617,3,0.061832399
1617,3,0.002057888
1617,3,0.219135325
1617,3,0.287690811
1617,3,0.004192424
1617,3,0.026663052
1617,3,0.123148843
1617,3,0.069772051
1617,3,0.254982941
1617,3,0.099493337
1617,3,0.20375807
1617,3,0.184171352
1617,3,0.614732623
1617,3,0.75370503
1617,3,0.087443957
1617,3,0.09636528
1617,3,0.353257518
1617,3,0.009687737
1617,3,0.004125562
1617,3,0.107562738
1617,3,0.008425566
1617,3,0.048132828
1617,3,0.004816973
1617,3,0.140395051
1617,3,0.004406681
1617,3,0.021813526
1617,3,0.006515576
1617,3,0.067302538
1617,3,0.018879255
1617,3,0.025517883
1617,3,0.010913938
1617,3,0.002009919
1617,3,0.030182858
1617,3,0.016474534
1617,3,0.017595112
1617,3,0.389252157
1617,3,0.00305401
1617,3,0.014190015
1617,3,0.512099291
1617,3,0.414486484
1617,3,0.509197076
1617,3,0.011070009
1617,3,0.333841299
1617,3,0.00745437
1617,3,0.806812517
1617,3,0.92303552
1617,3,0.743532637
1617,3,0.833447527
1617,3,0.006203092
1617,3,0.554108815
1617,3,0.123440928
1617,3,0.002760674
1617,3,0.010913938
1617,3,0.018879255
1617,3,0.004125562
1617,3,0.067919559
1617,3,0.029447543
1617,3,0.005204643
1617,3,0.169001186
1617,3,0.140395051
1617,3,0.217173537
1617,3,0.00433287
1617,3,0.149321803
1617,3,0.151899832
1617,3,0.288394202
1617,3,0.353785186
1617,3,0.004125562
1617,3,0.724995367
1617,3,0.477573082
1617,3,0.597987478
1617,3,0.417349353
1617,3,0.163426251
1617,3,0.749713334
1617,3,0.810004079
1617,3,0.060680997
1617,3,0.3251482
1617,3,0.525273287
1617,3,0.048972409
1617,3,0.283124275
1617,3,0.741814284
1617,3,0.474421893
1617,3,0.076312436
1617,3,0.010064664
1617,3,0.782127286
1617,3,0.589656347
1617,3,0.489400864
1617,3,0.71618387
1617,3,0.383794172
1617,3,0.769953018
1617,3,0.517224607
1617,3,0.555229618
1617,3,0.472405867
1617,3,0.787582443
1617,3,0.63522946
1617,3,0.800706025
1617,3,0.013129761
1617,3,0.00745437
1617,3,0.886382944
1617,3,0.017595112
1617,3,0.026663052
1617,3,0.053104783
1617,3,0.084199655
1617,3,0.033586879
1617,3,0.834156167
1617,3,0.013129761
1617,3,0.013831818
1617,3,0.187811589
1617,3,0.102791569
1617,3,0.281235396
1617,3,0.006203092
1617,3,0.024171602
1617,3,0.197774373
1617,3,0.290647777
1617,3,0.432584698
1617,3,0.645945411
1617,3,0.010913938
1617,3,0.38016718
1617,3,0.24351113
1617,3,0.26823175
1617,3,0.436752451
1617,3,0.006515576
1617,3,0.360118804
1617,3,0.002108202
1617,3,0.452755322
1617,3,0.011394689
1617,3,0.003607722
1617,3,0.008709237
1617,3,0.417288821
1617,3,0.218139574
1617,3,0.636242991
1617,3,0.31767009
1617,3,0.059210712
1617,3,0.226524488
1617,3,0.002620825
1617,3,0.095295629
1617,3,0.263658063
1617,3,0.00745437
1617,3,0.098487118
1617,3,0.013129761
1617,3,0.353153502
1617,3,0.013831818
1617,3,0.007245575
1617,3,0.607494388
1617,3,0.059542694
1617,3,0.004483051
1617,3,0.135826504
1617,3,0.614732623
1617,3,0.078142391
1617,3,0.010913938
1617,3,0.003998036
1617,3,0.035846045
1617,3,0.08127561
1617,3,0.04099692
1617,3,0.747112378
1617,3,0.083636203
1617,3,0.462353605
1617,3,0.08643296
1617,3,0.147808368
1617,3,0.13228649
1617,3,0.013577729
1617,3,0.013129761
1617,3,0.079302339
1617,3,0.160457323
1617,3,0.10947551
1617,3,0.135705555
1617,3,0.013831818
1617,3,0.013831818
1617,3,0.054807983
1617,3,0.059394308
1617,3,0.026951415
1617,3,0.007910269
1617,3,0.029068561
1617,3,0.015488143
1617,3,0.119156536
1617,3,0.048972409
1617,3,0.013129761
1617,3,0.309292736
1617,3,0.016474534
1617,3,0.005295206
1617,3,0.033586879
1617,3,0.015488143
1617,3,0.264059011
1617,3,0.012495529
1617,3,0.00745437
1617,3,0.025324629
1617,3,0.005786794
1617,3,0.025844622
1617,3,0.009338022
1617,3,0.005101991
1617,3,0.076312436
1617,3,0.013129761
1617,3,0.016474534
1617,3,0.171383988
1617,3,0.014517344
1617,3,0.067396075
1617,3,0.010913938
1617,3,0.001825525
1617,3,0.018879255
1617,3,0.045444614
1617,3,0.063846533
1617,3,0.023438314
1617,3,0.002179244
1617,3,0.00531151
1617,3,0.003820875
1617,3,0.04448187
1617,3,0.001210473
1617,3,0.008425566
1617,3,0.00305401
1617,3,0.001146115
1617,3,0.087880153
1617,3,0.006600253
1617,3,0.004406681
1617,3,0.003658749
1617,3,0.036850827
1617,3,0.119579277
1617,3,0.005538975
1617,3,0.002568774
1617,3,0.012021569
1617,3,0.001431531
1617,3,0.002025658
1617,3,0.14820793
1617,3,0.803509551
1617,3,0.02947603
1617,3,0.005204643
1617,3,0.039331402
1617,3,0.010913938
1617,3,0.0032456
1617,3,0.008709237
1617,3,0.014517344
1617,3,0.008709237
1617,3,0.031153061
1617,3,0.004816973
1617,3,0.356080916
1617,3,0.004117346
1617,3,0.003711241
1617,3,0.487686479
1617,3,0.005786794
1617,3,0.005660173
1617,3,0.002275076
1617,3,0.002620825
1617,3,0.004728914
1617,3,0.008407915
1615,4,0.001884877
1615,4,0.006263616
1615,4,0.009215416
1615,4,0.002789141
1615,4,0.002249537
1615,4,0.002277071
1615,4,0.050014907
1615,4,0.002363869
1615,4,0.136912987
1615,4,0.273391936
1615,4,0.063712703
1615,4,0.076184756
1615,4,0.04398311
1615,4,0.008986687
1615,4,0.010509697
1615,4,0.004685951
1615,4,0.046808468
1615,4,0.065068032
1615,4,0.004070753
1615,4,0.002145754
1615,4,0.001884877
1615,4,0.003530064
1615,4,0.00192386
1615,4,0.001621952
1615,4,0.002524236
1615,4,0.009442822
1615,4,0.054575505
1615,4,0.15100081
1615,4,0.001865972
1615,4,0.002457547
1615,4,0.002277071
1615,4,0.002490445
1615,4,0.002394291
1615,4,0.005423095
1615,4,0.045213238
1615,4,0.011220628
1615,4,0.001847442
1615,4,0.003281038
1615,4,0.120893638
1615,4,0.045526894
1615,4,0.002028758
1615,4,0.001391461
1615,4,0.003900078
1615,4,0.001943963
1615,4,0.031458446
1615,4,0.002669095
1615,4,0.002006873
1615,4,0.223041797
1615,4,0.156769845
1615,4,0.093643624
1615,4,0.011848357
1615,4,0.0552156
1615,4,0.002789141
1615,4,0.003015159
1615,4,0.076400514
1615,4,0.017384029
1615,4,0.002707946
1615,4,0.238845605
1615,4,0.009947736
1615,4,0.81639063
1615,4,0.003530064
1615,4,0.006481846
1615,4,0.013577814
1615,4,0.282476004
1615,4,0.00506898
1615,4,0.002875357
1615,4,0.037885125
1615,4,0.003281038
1615,4,0.021292675
1615,4,0.002490445
1615,4,0.005361125
1615,4,0.005868458
1615,4,0.015898446
1615,4,0.108161331
1615,4,0.011138952
1615,4,0.314176741
1615,4,0.00480703
1615,4,0.032315582
1615,4,0.001743558
1615,4,0.062757516
1615,4,0.007849219
1615,4,0.054651665
1615,4,0.002831593
1615,4,0.006263616
1615,4,0.025951717
1615,4,0.006715833
1615,4,0.009442822
1615,4,0.002121288
1615,4,0.071012652
1615,4,0.002145754
1615,4,0.003339941
1615,4,0.005689004
1615,4,0.002524236
1615,4,0.014646779
1615,4,0.005210961
1615,4,0.067001051
1615,4,0.015898446
1615,4,0.006967345
1615,4,0.002305286
1615,4,0.003598341
1615,4,0.022940019
1615,4,0.006263616
1615,4,0.004356742
1615,4,0.002457547
1615,4,0.03996285
1615,4,0.007849219
1615,4,0.009947736
1615,4,0.012264927
1615,4,0.325625101
1615,4,0.117378116
1615,4,0.005689004
1615,4,0.011220628
1615,4,0.021681924
1615,4,0.005689004
1615,4,0.001554202
1615,4,0.001776863
1615,4,0.402793265
1615,4,0.004356742
1615,4,0.03661598
1615,4,0.038630956
1615,4,0.001468336
1615,4,0.028440982
1615,4,0.004070753
1615,4,0.126352274
1615,4,0.002490445
1615,4,0.045063064
1615,4,0.002145754
1615,4,0.0172636
1615,4,0.019175859
1615,4,0.015898446
1615,4,0.114606567
1615,4,0.012654268
1615,4,0.002490445
1615,4,0.06895631
1615,4,0.015212339
1615,4,0.015876999
1615,4,0.027087874
1615,4,0.118046781
1615,4,0.010509697
1615,4,0.078600984
1615,4,0.003281038
1615,4,0.004161817
1615,4,0.006967345
1615,4,0.22104276
1615,4,0.003281038
1615,4,0.004161817
1615,4,0.022940019
1615,4,0.105596531
1615,4,0.259333963
1615,4,0.015898446
1615,4,0.003224176
1615,4,0.002394291
1615,4,0.002222661
1615,4,0.064638693
1615,4,0.007238428
1615,4,0.043115625
1615,4,0.005868458
1615,4,0.157031485
1615,4,0.009442822
1615,4,0.000610567
1615,4,0.167702173
1615,4,0.018629314
1615,4,0.014646779
1615,4,0.061230508
1615,4,0.089930591
1615,4,0.266642329
1615,4,0.001695877
1615,4,0.156486463
1615,4,0.00192386
1615,4,0.005361125
1615,4,0.00506898
1615,4,0.433934529
1615,4,0.001129561
1615,4,0.021379519
1615,4,0.000922356
1615,4,0.003339941
1615,4,0.003064831
1615,4,0.008489802
1615,4,0.006715833
1615,4,0.002875357
1615,4,0.392255578
1615,4,0.002524236
1615,4,0.026756328
1615,4,0.218803447
1615,4,0.004161817
1615,4,0.001541326
1615,4,0.108161331
1615,4,0.409773566
1615,4,0.457656433
1615,4,0.004161817
1615,4,0.008489802
1615,4,0.010811496
1615,4,0.037122213
1615,4,0.072327878
1615,4,0.140107087
1615,4,0.049062926
1615,4,0.023581422
1615,4,0.001322235
1615,4,0.15833176
1615,4,0.001083511
1616,4,0.001083511
1616,4,0.004934531
1616,4,0.872307088
1616,4,0.884075031
1616,4,0.776991795
1616,4,0.865479256
1616,4,0.918949976
1616,4,0.009666041
1616,4,0.006059601
1616,4,0.013577814
1616,4,0.001985456
1616,4,0.005210961
1616,4,0.002051125
1616,4,0.155327466
1616,4,0.12224926
1616,4,0.508293085
1616,4,0.465473553
1616,4,0.770172353
1616,4,0.741486203
1616,4,0.936633055
1616,4,0.795220443
1616,4,0.446382828
1616,4,0.548297115
1616,4,0.190535675
1616,4,0.560460509
1616,4,0.426547844
1616,4,0.780626831
1616,4,0.789497047
1616,4,0.914371351
1616,4,0.4330739
1616,4,0.565981863
1616,4,0.106485556
1616,4,0.039931582
1616,4,0.183552107
1616,4,0.003819997
1616,4,0.478426504
1616,4,0.178400565
1616,4,0.319168239
1616,4,0.00480703
1616,4,0.008194972
1616,4,0.1296455
1616,4,0.00480703
1616,4,0.00506898
1616,4,0.103560901
1616,4,0.590854593
1616,4,0.190760051
1616,4,0.137115422
1616,4,0.005210961
1616,4,0.044060836
1616,4,0.002145754
1616,4,0.110826043
1616,4,0.305542927
1616,4,0.010509697
1616,4,0.038630956
1616,4,0.412359864
1616,4,0.151651855
1616,4,0.009947736
1616,4,0.001503946
1616,4,0.055880207
1616,4,0.004356742
1616,4,0.002707946
1616,4,0.06397026
1616,4,0.029873711
1616,4,0.438225098
1616,4,0.36549216
1616,4,0.226920426
1616,4,0.711739181
1616,4,0.237614864
1616,4,0.001727369
1616,4,0.177673438
1616,4,0.871290716
1616,4,0.027427739
1616,4,0.062838781
1616,4,0.007531461
1616,4,0.043655337
1616,4,0.118917963
1616,4,0.191590762
1616,4,0.282476004
1616,4,0.129926504
1616,4,0.004570823
1616,4,0.004356742
1616,4,0.001567295
1616,4,0.001129561
1616,4,0.047192274
1616,4,0.236182943
1616,4,0.134208098
1616,4,0.704138875
1616,4,0.800887362
1616,4,0.889098391
1616,4,0.023392468
1616,4,0.638618729
1616,4,0.197498875
1616,4,0.491862223
1616,4,0.82866256
1616,4,0.90346451
1616,4,0.567636779
1616,4,0.793430469
1616,4,0.61081933
1616,4,0.005868458
1616,4,0.100172934
1616,4,0.060233018
1616,4,0.001727369
1616,4,0.0055202
1616,4,0.89008318
1616,4,0.019222135
1616,4,0.058243776
1616,4,0.001793998
1616,4,0.004570823
1616,4,0.161454562
1616,4,0.232526764
1616,4,0.022504739
1616,4,0.006715833
1616,4,0.001811466
1616,4,0.005689004
1616,4,0.088581285
1616,4,0.260932866
1616,4,0.00506898
1616,4,0.055379944
1616,4,0.003116166
1616,4,0.00506898
1616,4,0.004161817
1616,4,0.024644824
1616,4,0.002222661
1616,4,0.029139746
1616,4,0.002875357
1616,4,0.037142618
1616,4,0.002831593
1616,4,0.094536153
1616,4,0.017384029
1616,4,0.163588089
1616,4,0.32460981
1616,4,0.258966889
1616,4,0.0055202
1616,4,0.605203056
1616,4,0.010509697
1616,4,0.849370747
1616,4,0.85166613
1616,4,0.610516633
1616,4,0.287638923
1616,4,0.0055202
1616,4,0.002490445
1616,4,0.00192386
1616,4,0.001503946
1616,4,0.002669095
1616,4,0.002305286
1616,4,0.004257049
1616,4,0.158146626
1616,4,0.09710932
1616,4,0.014169832
1616,4,0.004257049
1616,4,0.011848357
1616,4,0.04441797
1616,4,0.017518595
1616,4,0.097427006
1616,4,0.003339941
1616,4,0.014002542
1616,4,0.003530064
1616,4,0.004161817
1616,4,0.020917155
1616,4,0.003015159
1616,4,0.014646779
1616,4,0.146961809
1616,4,0.053708669
1616,4,0.002747944
1616,4,0.001445518
1616,4,0.002277071
1616,4,0.028440982
1616,4,0.004934531
1616,4,0.001164926
1616,4,0.00346433
1616,4,0.009951568
1616,4,0.075535225
1616,4,0.198334175
1616,4,0.017384029
1616,4,0.153994794
1616,4,0.27136557
1616,4,0.005361125
1616,4,0.015898446
1616,4,0.024155423
1616,4,0.009442822
1616,4,0.0012511
1616,4,0.050040065
1616,4,0.015898446
1616,4,0.001904169
1616,4,0.002457547
1616,4,0.075714843
1616,4,0.025808663
1616,4,0.12224926
1616,4,0.037290985
1616,4,0.028269647
1616,4,0.014646779
1616,4,0.008572589
1616,4,0.332349786
1616,4,0.002669095
1616,4,0.003819997
1616,4,0.101673849
1616,4,0.0055202
1616,4,0.002006873
1616,4,0.056796977
1616,4,0.364739873
1616,4,0.32130772
1616,4,0.0055202
1616,4,0.285047044
1616,4,0.279592639
1616,4,0.001516203
1616,4,0.00346433
1616,4,0.13012685
1616,4,0.027774945
1616,4,0.048280885
1616,4,0.004257049
1616,4,0.114167818
1616,4,0.005210961
1616,4,0.012654268
1616,4,0.008572589
1616,4,0.005210961
1616,4,0.429487211
1616,4,0.100306728
1616,4,0.021379519
1616,4,0.073599548
1616,4,0.03661598
1616,4,0.018731848
1616,4,0.037412384
1616,4,0.130624749
1616,4,0.009442822
1616,4,0.003900078
1616,4,0.013523559
1616,4,0.250217339
1616,4,0.005689004
1616,4,0.101355208
1616,4,0.023329757
1616,4,0.07600652
1616,4,0.00233421
1616,4,0.008572589
1616,4,0.002920494
1616,4,0.213813088
1616,4,0.011848357
1616,4,0.098982591
1616,4,0.025396028
1616,4,0.071202311
1616,4,0.021379519
1616,4,0.004356742
1616,4,0.003819997
1616,4,0.003064831
1616,4,0.002789141
1616,4,0.014341169
1616,4,0.004570823
1616,4,0.04441797
1616,4,0.004570823
1616,4,0.240684894
1617,4,0.033220734
1617,4,0.005361125
1617,4,0.065321242
1617,4,0.250200843
1617,4,0.327648712
1617,4,0.281712077
1617,4,0.001829277
1617,4,0.019222135
1617,4,0.019175859
1617,4,0.027774945
1617,4,0.024370082
1617,4,0.011138952
1617,4,0.052244296
1617,4,0.025808663
1617,4,0.003339941
1617,4,0.006263616
1617,4,0.002967072
1617,4,0.127018668
1617,4,0.002170792
1617,4,0.005361125
1617,4,0.006967345
1617,4,0.018915571
1617,4,0.015898446
1617,4,0.071202311
1617,4,0.017518595
1617,4,0.00346433
1617,4,0.022940019
1617,4,0.429050395
1617,4,0.384494618
1617,4,0.609192181
1617,4,0.705067096
1617,4,0.743407647
1617,4,0.549608757
1617,4,0.767284439
1617,4,0.086914392
1617,4,0.532016076
1617,4,0.90346451
1617,4,0.828879514
1617,4,0.001636217
1617,4,0.014002542
1617,4,0.148655802
1617,4,0.0055202
1617,4,0.096571037
1617,4,0.001884877
1617,4,0.001636217
1617,4,0.024353109
1617,4,0.005361125
1617,4,0.024191319
1617,4,0.001695877
1617,4,0.001567295
1617,4,0.002967072
1617,4,0.004461215
1617,4,0.002051125
1617,4,0.12200825
1617,4,0.066018361
1617,4,0.007849219
1617,4,0.086560797
1617,4,0.002967072
1617,4,0.002967072
1617,4,0.002425507
1617,4,0.003743139
1617,4,0.003064831
1617,4,0.003598341
1617,4,0.001665513
1617,4,0.003116166
1617,4,0.002707946
1617,4,0.001164926
1617,4,0.100730741
1617,4,0.002249537
1617,4,0.03486407
1617,4,0.006059601
1617,4,0.024353109
1617,4,0.01469658
1617,4,0.447792625
1617,4,0.543512908
1617,4,0.181291898
1617,4,0.023863124
1617,4,0.00346433
1617,4,0.004934531
1617,4,0.003339941
1617,4,0.007238428
1617,4,0.005689004
1617,4,0.005689004
1617,4,0.004356742
1617,4,0.004356742
1617,4,0.20177715
1617,4,0.165084922
1617,4,0.011848357
1617,4,0.021379519
1617,4,0.140342943
1617,4,0.232526764
1617,4,0.00506898
1617,4,0.003530064
1617,4,0.003015159
1617,4,0.003224176
1617,4,0.002558957
1617,4,0.001122745
1617,4,0.081233788
1617,4,0.872307088
1617,4,0.495248917
1617,4,0.014646779
1617,4,0.896898285
1617,4,0.843763062
1617,4,0.514139366
1617,4,0.469901387
1617,4,0.67335228
1617,4,0.021379519
1617,4,0.92306381
1617,4,0.063418456
1617,4,0.176972836
1617,4,0.794466613
1617,4,0.014341169
1617,4,0.004461215
1617,4,0.4845941
1617,4,0.141301991
1617,4,0.017015922
1617,4,0.003064831
1617,4,0.001516203
1617,4,0.007849219
1617,4,0.002594646
1617,4,0.007238428
1617,4,0.004070753
1617,4,0.002875357
1617,4,0.130624749
1617,4,0.003669312
1617,4,0.001516203
1617,4,0.0055202
1617,4,0.008194972
1617,4,0.365207457
1617,4,0.174603445
1617,4,0.00233421
1617,4,0.026117003
1617,4,0.003669312
1617,4,0.009442822
1617,4,0.058523501
1617,4,0.003743139
1617,4,0.001884877
1617,4,0.303185138
1617,4,0.004356742
1617,4,0.235896557
1617,4,0.002524236
1617,4,0.009442822
1617,4,0.003598341
1617,4,0.009947736
1617,4,0.033220734
1617,4,0.037412384
1617,4,0.0013413
1617,4,0.003224176
1617,4,0.034970568
1617,4,0.107267513
1617,4,0.004461215
1617,4,0.218803447
1617,4,0.11106396
1617,4,0.089883278
1617,4,0.265619108
1617,4,0.13634502
1617,4,0.002006873
1617,4,0.001680558
1617,4,0.001711478
1617,4,0.137554109
1617,4,0.002073991
1617,4,0.019825791
1617,4,0.04515597
1617,4,0.110956265
1617,4,0.00346433
1617,4,0.089876549
1617,4,0.031788377
1617,4,0.155432521
1617,4,0.063418456
1617,4,0.063418456
1617,4,0.015264002
1617,4,0.002594646
1617,4,0.003983588
1617,4,0.005689004
1617,4,0.169700531
1617,4,0.130886351
1617,4,0.002394291
1617,4,0.007238428
1617,4,0.110956265
1617,4,0.006967345
1617,4,0.393969565
1617,4,0.446719503
1617,4,0.543512908
1617,4,0.011138952
1617,4,0.007849219
1617,4,0.29881622
1617,4,0.005361125
1617,4,0.104343068
1617,4,0.004161817
1617,4,0.044886221
1617,4,0.078913244
1617,4,0.003669312
1617,4,0.004356742
1617,4,0.009442822
1617,4,0.011848357
1617,4,0.011777749
1617,4,0.02521332
1617,4,0.456687166
1617,4,0.007849219
1617,4,0.043655337
1617,4,0.013577814
1617,4,0.003743139
1617,4,0.152710079
1617,4,0.040707012
1617,4,0.001567295
1617,4,0.003819997
1617,4,0.002747944
1617,4,0.001322235
1617,4,0.080420656
1617,4,0.006059601
1617,4,0.00219642
1617,4,0.000824277
1617,4,0.007238428
1617,4,0.084876172
1617,4,0.32683892
1617,4,0.22893385
1617,4,0.21153227
1617,4,0.003064831
1617,4,0.003983588
1617,4,0.180592963
1617,4,0.039980591
1617,4,0.084039223
1617,4,0.040610546
1617,4,0.001695877
1617,4,0.006715833
1617,4,0.004356742
1617,4,0.04398311
1617,4,0.240730005
1617,4,0.007849219
1617,4,0.00233421
1617,4,0.006263616
1617,4,0.02521332
1617,4,0.174603445
1617,4,0.015991307
1617,4,0.040707012
1617,4,0.003116166
1617,4,0.265572641
1617,4,0.002669095
1617,4,0.013371098
1617,4,0.004161817
1617,4,0.113475576
1617,4,0.028021018
1617,4,0.133594702
1617,4,0.167929333
1617,4,0.014602633